iso_code,location,date,total_cases,new_cases,total_deaths,new_deaths,total_cases_per_million,new_cases_per_million,total_deaths_per_million,new_deaths_per_million,total_tests,new_tests,total_tests_per_thousand,new_tests_per_thousand,new_tests_smoothed,new_tests_smoothed_per_thousand,tests_units,stringency_index,population,population_density,median_age,aged_65_older,aged_70_older,gdp_per_capita,extreme_poverty,cvd_death_rate,diabetes_prevalence,female_smokers,male_smokers,handwashing_facilities,hospital_beds_per_100k,Rate / Age,Column2,Column3,Column4,Column5,Column6,Column7,Column8,Column9
ABW,Aruba,2020-05-27,101,0,3,0,945.994,0,28.099,0,,,,,,,,,106766,584.8,41.2,13.085,7.452,35973.781,,,11.62,,,,,,,,,,,,,
AFG,Afghanistan,2020-05-27,11831,658,220,1,303.917,16.903,5.651,0.026,,,,,,,,,38928341,54.422,18.6,2.581,1.337,1803.987,,597.029,9.59,,,37.746,0.5,,,,,,,,,
AGO,Angola,2020-05-27,71,2,4,0,2.16,0.061,0.122,0,,,,,,,,,32866268,23.89,16.8,2.405,1.362,5819.495,,276.045,3.94,,,26.664,,,,,,,,,,
AIA,Anguilla,2020-05-27,3,0,0,0,199.973,0,0,0,,,,,,,,,15002,,,,,,,,,,,,,,,,,,,,,
ALB,Albania,2020-05-27,1029,25,33,1,357.565,8.687,11.467,0.347,,,,,,,,,2877800,104.871,38,13.188,8.643,11803.431,1.1,304.195,10.08,7.1,51.2,,2.89,,,,,,,,,
AND,Andorra,2020-05-27,763,0,51,0,9875.105,0,660.066,0,,,,,,,,,77265,163.755,,,,,,109.135,7.97,29,37.8,,,,,,,,,,,
ARE,United Arab Emirates,2020-05-27,31086,779,253,5,3143.048,78.763,25.58,0.506,,,,,,,,,9890400,112.442,34,1.144,0.526,67293.483,,317.84,17.26,1.2,37.4,,1.2,,,,,,,,,
ARG,Argentina,2020-05-27,13215,600,484,17,292.395,13.276,10.709,0.376,140218,3556,3.102,0.079,3978,0.088,tests performed,,45195777,16.177,31.9,11.198,7.441,18933.907,0.6,191.032,5.5,16.2,27.7,,5,,,,,,,,,
ARM,Armenia,2020-05-27,7402,289,91,4,2497.947,97.529,30.71,1.35,,,,,,,,,2963234,102.931,35.7,11.232,7.571,8787.58,1.8,341.01,7.11,1.5,52.1,94.043,4.2,,,,,,,,,
ATG,Antigua and Barbuda,2020-05-27,25,0,3,0,255.29,0,30.635,0,,,,,,,,,97928,231.845,32.1,6.933,4.631,21490.943,,191.511,13.17,,,,3.8,,,,,,,,,
AUS,Australia,2020-05-27,7133,15,102,0,279.727,0.588,4,0,1338321,50098,52.483,1.965,32393,1.27,tests performed,,25499881,3.202,37.9,15.504,10.129,44648.71,0.5,107.791,5.07,13,16.5,,3.84,,,,,,,,,
AUT,Austria,2020-05-27,16497,38,643,2,1831.697,4.219,71.394,0.222,418706,7521,46.49,0.835,5588,0.62,tests performed,,9006400,106.749,44.4,19.202,13.748,45436.686,0.7,145.183,6.35,28.4,30.9,,7.37,,,,,,,,,
AZE,Azerbaijan,2020-05-27,4403,132,52,1,434.256,13.019,5.129,0.099,,,,,,,,,10139175,119.309,32.4,6.018,3.871,15847.419,,559.812,7.11,0.3,42.5,83.241,4.7,,,,,,,,,
BDI,Burundi,2020-05-27,42,0,1,0,3.532,0,0.084,0,,,,,,,,,11890781,423.062,17.5,2.562,1.504,702.225,71.7,293.068,6.05,,,6.144,0.8,,,,,,,,,
BEL,Belgium,2020-05-27,57455,113,9334,22,4957.455,9.75,805.376,1.898,,,,,,,,,11589616,375.564,41.8,18.571,12.849,42658.576,0.2,114.898,4.29,25.1,31.4,,5.64,,,,,,,,,
BEN,Benin,2020-05-27,208,17,3,0,17.157,1.402,0.247,0,,,,,,,,,12123198,99.11,18.8,3.244,1.942,2064.236,49.6,235.848,0.99,0.6,12.3,11.035,0.5,,,,,,,,,
BES,Bonaire Sint Eustatius and Saba,2020-05-27,7,0,0,0,266.962,0,0,0,,,,,,,,,26221,,,,,,,,,,,,,,,,,,,,,
BFA,Burkina Faso,2020-05-27,845,4,53,1,40.424,0.191,2.535,0.048,,,,,,,,,20903278,70.151,17.6,2.409,1.358,1703.102,43.7,269.048,2.42,1.6,23.9,11.877,0.4,,,,,,,,,
BGD,Bangladesh,2020-05-27,36751,1166,522,21,223.153,7.08,3.17,0.128,266456,8015,1.618,0.049,8943,0.054,samples tested,,164689383,1265.036,27.5,5.098,3.262,3523.984,14.8,298.003,8.38,1,44.7,34.808,0.8,,,,,,,,,
BGR,Bulgaria,2020-05-27,2460,27,133,3,354.036,3.886,19.141,0.432,76391,1557,10.994,0.224,1164,0.168,tests performed,,6948445,65.18,44.7,20.801,13.272,18563.307,1.5,424.688,5.81,30.1,44.4,,7.454,,,,,,,,,
BHR,Bahrain,2020-05-27,9366,195,14,0,5504.286,114.599,8.228,0,291127,4904,171.092,2.882,5071,2.98,units unclear,,1701583,1935.907,32.4,2.372,1.387,43290.705,,151.689,16.52,5.8,37.6,,2,,,,,,,,,
BHS,Bahamas,2020-05-27,100,0,11,0,254.292,0,27.972,0,,,,,,,,,393248,39.497,34.3,8.996,5.2,27717.847,,235.954,13.17,3.1,20.4,,2.9,,,,,,,,,
BIH,Bosnia and Herzegovina,2020-05-27,2416,10,149,3,736.402,3.048,45.416,0.914,,,,,,,,,3280815,68.496,42.5,16.569,10.711,11713.895,0.2,329.635,10.08,30.2,47.7,97.164,3.5,,,,,,,,,
BLR,Belarus,2020-05-27,38059,915,208,4,4027.697,96.832,22.012,0.423,,,,,,,,,9449321,46.858,40.3,14.799,9.788,17167.967,,443.129,5.18,10.5,46.1,,11,,,,,,,,,
BLZ,Belize,2020-05-27,18,0,2,0,45.269,0,5.03,0,,,,,,,,90.74,397621,16.426,25,3.853,2.279,7824.362,,176.957,17.11,,,90.083,1.3,,,,,,,,,
BMU,Bermuda,2020-05-27,139,6,9,0,2232.107,96.35,144.525,0,,,,,,,,,62273,1308.82,,,,50669.315,,139.547,13,,,,,,,,,,,,,
BOL,Bolivia,2020-05-27,7136,476,274,13,611.324,40.778,23.473,1.114,,,,,,,,87.96,11673029,10.202,25.4,6.704,4.393,6885.829,7.1,204.299,6.89,,,25.383,1.1,,,,,,,,,
BRA,Brazil,2020-05-27,391222,16324,24512,1039,1840.53,76.797,115.318,4.888,,,,,,,,,212559409,25.04,33.5,8.552,5.06,14103.452,3.4,177.961,8.11,10.1,17.9,,2.2,,,,,,,,,
BRB,Barbados,2020-05-27,92,0,7,0,320.144,0,24.359,0,,,,,,,,,287371,664.463,39.8,14.952,9.473,16978.068,,170.05,13.57,1.9,14.5,88.469,5.8,,,,,,,,,
BRN,Brunei,2020-05-27,141,0,1,0,322.298,0,2.286,0,,,,,,,,,437483,81.347,32.4,4.591,2.382,71809.251,,201.285,12.79,2,30.9,,2.7,,,,,,,,,
BTN,Bhutan,2020-05-27,27,0,0,0,34.992,0,0,0,,,,,,,,,771612,21.188,28.6,4.885,2.977,8708.597,1.5,217.066,9.75,,,79.807,1.7,,,,,,,,,
BWA,Botswana,2020-05-27,35,0,1,0,14.883,0,0.425,0,,,,,,,,,2351625,4.044,25.8,3.941,2.242,15807.374,,237.372,4.81,5.7,34.4,,1.8,,,,,,,,,
CAF,Central African Republic,2020-05-27,671,19,1,0,138.93,3.934,0.207,0,,,,,,,,,4829764,7.479,18.3,3.655,2.251,661.24,,435.727,6.1,,,16.603,1,,,,,,,,,
CAN,Canada,2020-05-27,86636,936,6639,94,2295.47,24.8,175.904,2.491,1528239,27758,40.492,0.735,22187,0.588,people tested,,37742157,4.037,41.4,16.984,10.797,44017.591,0.5,105.599,7.37,12,16.6,,2.5,,,,,,,,,
CHE,Switzerland,2020-05-27,30678,15,1647,6,3544.697,1.733,190.303,0.693,,,,,,,,,8654618,214.243,43.1,18.436,12.644,57410.166,,99.739,5.59,22.6,28.9,,4.53,,,,,,,,,
CHL,Chile,2020-05-27,77961,3964,806,45,4078.267,207.363,42.163,2.354,514523,13398,26.916,0.701,14979,0.784,tests performed,,19116209,24.282,35.4,11.087,6.938,22767.037,1.3,127.993,8.46,34.2,41.5,,2.11,,,,,,,,,
CHN,China,2020-05-27,84103,1,4638,0,58.432,0.001,3.222,0,,,,,,,,,1439323774,147.674,38.7,10.641,5.929,15308.712,0.7,261.899,9.74,1.9,48.4,,4.34,,,,,,,,,
CIV,Cote d'Ivoire,2020-05-27,2477,54,30,0,93.903,2.047,1.137,0,,,,,,,,,26378275,76.399,18.7,2.933,1.582,3601.006,28.2,303.74,2.42,,,19.351,,,,,,,,,,
CMR,Cameroon,2020-05-27,5362,318,175,4,201.99,11.979,6.592,0.151,,,,,,,,,26545864,50.885,18.8,3.165,1.919,3364.926,23.8,244.661,7.2,,,2.735,1.3,,,,,,,,,
COD,Democratic Republic of Congo,2020-05-27,2545,248,67,0,28.416,2.769,0.748,0,,,,,,,,,89561404,35.879,17,3.02,1.745,808.133,77.1,318.949,6.1,,,4.472,,,,,,,,,,
COG,Congo,2020-05-27,569,38,19,2,103.115,6.886,3.443,0.362,,,,,,,,,5518092,15.405,19,3.402,2.063,4881.406,37,344.094,7.2,1.7,52.3,47.964,,,,,,,,,,
COL,Colombia,2020-05-27,23003,1022,776,26,452.077,20.085,15.251,0.511,,,,,,,,,50882884,44.223,32.2,7.646,4.312,13254.949,4.5,124.24,7.44,4.7,13.5,65.386,1.71,,,,,,,,,
COM,Comoros,2020-05-27,87,0,1,0,100.047,0,1.15,0,,,,,,,,,869595,437.352,20.4,2.963,1.726,1413.89,18.1,261.516,11.88,4.4,23.6,15.574,2.2,,,,,,,,,
CPV,Cape Verde,2020-05-27,390,0,4,1,701.454,0,7.194,1.799,,,,,,,,74.07,555988,135.58,25.7,4.46,3.437,6222.554,,182.219,2.42,2.1,16.5,,2.1,,,,,,,,,
CRI,Costa Rica,2020-05-27,956,5,10,0,187.668,0.982,1.963,0,17280,649,3.392,0.127,319,0.063,people tested,,5094114,96.079,33.6,9.468,5.694,15524.995,1.3,137.973,8.78,6.4,17.4,83.841,1.13,,,,,,,,,
CUB,Cuba,2020-05-27,1963,16,82,0,173.309,1.413,7.24,0,,,,,,,,,11326616,110.408,43.1,14.738,9.719,,,190.968,8.27,17.1,53.3,85.198,5.2,,,,,,,,,
CUW,Curacao,2020-05-27,18,0,1,0,109.689,0,6.094,0,,,,,,,,,164100,362.644,41.7,16.367,10.068,,,,11.62,,,,,,,,,,,,,
CYM,Cayman Islands,2020-05-27,137,3,1,0,2084.601,45.648,15.216,0,,,,,,,,,65720,256.496,,,,49903.029,,,13.22,,,,,,,,,,,,,
CYP,Cyprus,2020-05-27,939,2,17,0,1072.041,2.283,19.409,0,,,,,,,,,875899,127.657,37.3,13.416,8.563,32415.132,,141.171,9.24,19.6,52.7,,3.4,,,,,,,,,
CZE,Czech Republic,2020-05-27,9050,46,317,0,845.085,4.295,29.601,0,,,,,,,,,10708982,137.176,43.3,19.027,11.58,32605.906,,227.485,6.82,30.5,38.3,,6.63,,,,,,,,,
DEU,Germany,2020-05-27,179364,362,8349,47,2140.792,4.321,99.649,0.561,,,,,,,,,83783945,237.016,46.6,21.453,15.957,45229.245,,156.139,8.31,28.2,33.1,,8,,,,,,,,,
DJI,Djibouti,2020-05-27,2468,0,14,0,2497.971,0,14.17,0,,,,,,,,,988002,41.285,25.4,4.213,2.38,2705.406,22.5,258.037,6.05,1.7,24.5,,1.4,,,,,,,,,
DMA,Dominica,2020-05-27,16,0,0,0,222.25,0,0,0,,,,,,,,70.37,71991,98.567,,,,9673.367,,227.376,11.62,,,,3.8,,,,,,,,,
DNK,Denmark,2020-05-27,11428,41,563,0,1972.997,7.078,97.2,0,480239,13230,82.911,2.284,9741,1.682,people tested,,5792203,136.52,42.3,19.677,12.325,46682.515,0.2,114.767,6.41,19.3,18.8,,2.5,,,,,,,,,
DOM,Dominican Republic,2020-05-27,15264,191,468,8,1407.092,17.607,43.142,0.737,,,,,,,,,10847904,222.873,27.6,6.981,4.419,14600.861,1.6,266.653,8.2,8.5,19.1,55.182,1.6,,,,,,,,,
DZA,Algeria,2020-05-27,8697,194,617,8,198.331,4.424,14.07,0.182,,,,,,,,,43851043,17.348,29.1,6.211,3.857,13913.839,0.5,278.364,6.73,0.7,30.4,83.741,1.9,,,,,,,,,
ECU,Ecuador,2020-05-27,37355,0,3203,0,2117.263,0,181.544,0,66360,,3.761,,1568,0.089,units unclear,,17643060,66.939,28.1,7.104,4.458,10581.936,3.6,140.448,5.55,2,12.3,80.635,1.5,,,,,,,,,
EGY,Egypt,2020-05-27,18756,789,797,14,183.281,7.71,7.788,0.137,,,,,,,,,102334403,97.999,25.3,5.159,2.891,10550.206,1.3,525.432,17.31,0.2,50.1,89.827,1.6,,,,,,,,,
ERI,Eritrea,2020-05-27,39,0,0,0,10.997,0,0,0,,,,,,,,,3546427,44.304,19.3,3.607,2.171,1510.459,,311.11,6.05,0.2,11.4,,0.7,,,,,,,,,
ESH,Western Sahara,2020-05-27,6,0,0,0,10.045,0,0,0,,,,,,,,,597330,,28.4,,1.38,,,,,,,,,,,,,,,,,
ESP,Spain,2020-05-27,236769,510,27118,1,5064.059,10.908,580.005,0.021,,,,,,,,,46754783,93.105,45.5,19.436,13.799,34272.36,1,99.403,7.17,27.4,31.4,,2.97,,,,,,,,,
EST,Estonia,2020-05-27,1834,10,65,0,1382.545,7.538,49,0,,,,,,,,,1326539,31.033,42.7,19.452,13.491,29481.252,0.5,255.569,4.02,24.5,39.3,,4.69,,,,,,,,,
ETH,Ethiopia,2020-05-27,701,46,6,1,6.098,0.4,0.052,0.009,91616,4352,0.797,0.038,3694,0.032,tests performed,,114963583,104.957,19.8,3.526,2.063,1729.927,26.7,182.634,7.47,0.4,8.5,7.96,0.3,,,,,,,,,
FIN,Finland,2020-05-27,6628,29,312,4,1196.235,5.234,56.31,0.722,,,,,,,,,5540718,18.136,42.8,21.228,13.264,40585.721,,153.507,5.76,18.3,22.6,,3.28,,,,,,,,,
FJI,Fiji,2020-05-27,18,0,0,0,20.079,0,0,0,,,,,,,,,896444,49.562,28.6,6.224,3.284,8702.975,1.4,412.82,14.49,10.2,34.8,,2.3,,,,,,,,,
FLK,Falkland Islands,2020-05-27,13,0,0,0,3732.415,0,0,0,,,,,,,,,3483,,,,,,,,,,,,,,,,,,,,,
FRA,France,2020-05-27,145555,276,28530,98,2229.924,4.228,437.084,1.501,,,,,,,,,65273512,122.578,42,19.718,13.079,38605.671,,86.06,4.77,30.1,35.6,,5.98,,,,,,,,,
FRO,Faeroe Islands,2020-05-27,187,0,0,0,3826.87,0,0,0,,,,,,,,,48865,35.308,,,,,,,,,,,,,,,,,,,,
GAB,Gabon,2020-05-27,2238,103,14,0,1005.514,46.277,6.29,0,,,,,,,,,2225728,7.859,23.1,4.45,2.976,16562.413,3.4,259.967,7.2,,,,6.3,,,,,,,,,
GBR,United Kingdom,2020-05-27,265227,4043,37048,134,3906.947,59.556,545.738,1.974,,,,,,,,66.67,67886004,272.898,40.8,18.517,12.527,39753.244,0.2,122.137,4.28,20,24.7,,2.54,,,,,,,,,
GEO,Georgia,2020-05-27,732,1,12,0,183.497,0.251,3.008,0,,,,,,,,,3989175,65.032,38.7,14.864,10.244,9745.079,4.2,496.218,7.11,5.3,55.5,,2.6,,,,,,,,,
GGY,Guernsey,2020-05-27,252,0,13,0,3758.277,0,193.879,0,,,,,,,,,67052,,,,,,,,,,,,,,,,,,,,,
GHA,Ghana,2020-05-27,7117,309,34,2,229.042,9.944,1.094,0.064,,,,,,,,,31072945,126.719,21.1,3.385,1.948,4227.63,12,298.245,4.97,0.3,7.7,41.047,0.9,,,,,,,,,
GIB,Gibraltar,2020-05-27,155,0,0,0,4600.635,0,0,0,,,,,,,,,33691,3457.1,,,,,,,,,,,,,,,,,,,,
GIN,Guinea,2020-05-27,3358,83,20,0,255.696,6.32,1.523,0,,,,,,,,,13132792,51.755,19,3.135,1.733,1998.926,35.3,336.717,2.42,,,17.45,0.3,,,,,,,,,
GMB,Gambia,2020-05-27,25,0,1,0,10.345,0,0.414,0,,,,,,,,,2416664,207.566,17.5,2.339,1.417,1561.767,10.1,331.43,1.91,0.7,31.2,7.876,1.1,,,,,,,,,
GNB,Guinea-Bissau,2020-05-27,1173,0,6,0,596.037,0,3.049,0,,,,,,,,,1967998,66.191,19.4,3.002,1.565,1548.675,67.1,382.474,2.42,,,6.403,,,,,,,,,,
GNQ,Equatorial Guinea,2020-05-27,1043,0,12,0,743.415,0,8.553,0,,,,,,,,,1402985,45.194,22.4,2.846,1.752,22604.873,,202.812,7.78,,,24.64,2.1,,,,,,,,,
GRC,Greece,2020-05-27,2892,10,173,1,277.462,0.959,16.598,0.096,166245,5254,15.95,0.504,3829,0.367,tests performed,,10423056,83.479,45.3,20.396,14.524,24574.382,1.5,175.695,4.55,35.3,52,,4.21,,,,,,,,,
GRD,Grenada,2020-05-27,23,0,0,0,204.41,0,0,0,,,,,,,,,112519,317.132,29.4,7.304,5.021,13593.877,,243.964,10.71,,,,3.7,,,,,,,,,
GRL,Greenland,2020-05-27,12,0,0,0,211.372,0,0,0,,,,,,,,,56772,0.137,,,,,,199.941,2.16,,,,,,,,,,,,,
GTM,Guatemala,2020-05-27,3954,194,63,4,220.702,10.829,3.516,0.223,,,,,,,,,17915567,157.834,22.9,4.694,3.016,7423.808,8.7,155.898,10.18,,,76.665,0.6,,,,,,,,,
GUM,Guam,2020-05-27,169,3,5,0,1001.286,17.774,29.624,0,,,,,,,,,168783,304.128,31.4,9.551,5.493,,,310.496,21.52,,,,,,,,,,,,,
GUY,Guyana,2020-05-27,139,2,11,0,176.719,2.543,13.985,0,,,,,,,,,786559,3.952,26.3,5.305,2.837,7435.047,,373.159,11.62,,,77.159,1.6,,,,,,,,,
HND,Honduras,2020-05-27,4401,212,188,6,444.339,21.404,18.981,0.606,,,,,,,,100,9904608,82.805,24.9,4.652,2.883,4541.795,16,240.208,7.21,2,,84.169,0.7,,,,,,,,,
HRV,Croatia,2020-05-27,2244,0,101,1,546.615,0,24.603,0.244,,,,,,,,42.59,4105268,73.726,44,19.724,13.053,22669.797,0.7,253.782,5.59,34.3,39.9,,5.54,,,,,,,,,
HTI,Haiti,2020-05-27,1174,111,33,2,102.96,9.735,2.894,0.175,,,,,,,,,11402533,398.448,24.3,4.8,2.954,1653.173,23.5,430.548,6.65,2.9,23.1,22.863,0.7,,,,,,,,,
HUN,Hungary,2020-05-27,3793,22,505,6,392.636,2.277,52.276,0.621,169960,3697,17.594,0.383,3890,0.403,tests performed,61.57,9660350,108.043,43.4,18.577,11.976,26777.561,0.5,278.296,7.55,26.8,34.8,,7.02,,,,,,,,,
IDN,Indonesia,2020-05-27,23165,415,1418,27,84.691,1.517,5.184,0.099,195518,7216,0.715,0.026,5911,0.022,people tested,,273523621,145.725,29.3,5.319,3.053,11188.744,5.7,342.864,6.32,2.8,76.1,64.204,1.04,,,,,,,,,
IMN,Isle of Man,2020-05-27,336,0,24,0,3951.454,0,282.247,0,,,,,,,,,85032,147.872,,,,,,,,,,,,,,,,,,,,
IND,India,2020-05-27,151767,6387,4337,170,109.976,4.628,3.143,0.123,,,,,,,,79.17,1380004385,450.419,28.2,5.989,3.414,6426.674,21.2,282.28,10.39,1.9,20.6,59.55,0.53,,,,,,,,,
IRL,Ireland,2020-05-27,24735,37,1615,9,5009.32,7.493,327.069,1.823,,,,,,,,,4937796,69.874,38.7,13.928,8.678,67335.293,0.2,126.459,3.28,23,25.7,,2.96,,,,,,,,,
IRN,Iran,2020-05-27,139511,1787,7508,57,1660.985,21.276,89.388,0.679,856546,19456,10.198,0.232,17905,0.213,tests performed,,83992953,49.831,32.4,5.44,3.182,19082.62,0.2,270.308,9.59,0.8,21.1,,1.5,,,,,,,,,
IRQ,Iraq,2020-05-27,4848,216,169,6,120.53,5.37,4.202,0.149,,,,,,,,,40222503,88.125,20,3.186,1.957,15663.986,2.5,218.612,8.83,,,94.576,1.4,,,,,,,,,
ISL,Iceland,2020-05-27,1804,0,10,0,5286.447,0,29.304,0,,,,,,,,53.7,341250,3.404,37.3,14.431,9.207,46482.958,0.2,117.992,5.31,14.3,15.2,,2.91,,,,,,,,,
ISR,Israel,2020-05-27,16757,23,281,0,1935.985,2.657,32.465,0,,,,,,,,,8655541,402.606,30.6,11.733,7.359,33132.32,0.5,93.32,6.74,15.4,35.4,,2.99,,,,,,,,,
ITA,Italy,2020-05-27,230555,397,32955,78,3813.232,6.566,545.055,1.29,3607251,67324,59.662,1.113,62219,1.029,tests performed,,60461828,205.859,47.9,23.021,16.24,35220.084,2,113.151,4.78,19.8,27.8,,3.18,,,,,,,,,
JAM,Jamaica,2020-05-27,564,8,9,0,190.466,2.702,3.039,0,,,,,,,,,2961161,266.879,31.4,9.684,6.39,8193.571,,206.537,11.28,5.3,28.6,66.425,1.7,,,,,,,,,
JEY,Jersey,2020-05-27,307,0,29,0,3037.409,0,286.921,0,,,,,,,,,101073,,,,,,,,,,,,,,,,,,,,,
JOR,Jordan,2020-05-27,718,7,9,0,70.37,0.686,0.882,0,,,,,,,,,10203140,109.285,23.2,3.81,2.361,8337.49,0.1,208.257,11.75,,,,1.4,,,,,,,,,
JPN,Japan,2020-05-27,16651,28,858,12,131.653,0.221,6.784,0.095,278642,,2.203,,2909,0.023,people tested,,126476458,347.778,48.2,27.049,18.493,39002.223,,79.37,5.72,11.2,33.7,,13.05,,,,,,,,,
KAZ,Kazakhstan,2020-05-27,9304,335,37,2,495.508,17.841,1.971,0.107,710352,23085,37.832,1.229,19829,1.056,tests performed,,18776707,6.681,30.6,6.991,4.625,24055.588,0.1,466.792,7.11,7,43.1,98.999,6.7,,,,,,,,,
KEN,Kenya,2020-05-27,1348,62,52,0,25.069,1.153,0.967,0,67341,3077,1.252,0.057,2562,0.048,units unclear,,53771300,87.324,20,2.686,1.528,2993.028,36.8,218.637,2.92,1.2,20.4,24.651,1.4,,,,,,,,,
KGZ,Kyrgyzstan,2020-05-27,1520,52,16,0,232.979,7.97,2.452,0,,,,,,,,,6524191,32.333,26.3,4.489,2.882,3393.474,1.4,436.362,7.11,3.6,50.5,89.22,4.5,,,,,,,,,
KHM,Cambodia,2020-05-27,124,0,0,0,7.417,0,0,0,,,,,,,,,16718971,90.672,25.6,4.412,2.385,3645.07,,270.892,4,2,33.7,66.229,0.8,,,,,,,,,
KNA,Saint Kitts and Nevis,2020-05-27,15,0,0,0,281.997,0,0,0,,,,,,,,,53192,212.865,,,,24654.385,,,12.84,,,,2.3,,,,,,,,,
KOR,South Korea,2020-05-27,11265,40,269,0,219.723,0.78,5.247,0,852876,13401,16.635,0.261,10920,0.213,people tested,,51269183,527.967,43.4,13.914,8.622,35938.374,0.2,85.998,6.8,6.2,40.9,,12.27,,,,,,,,,
KWT,Kuwait,2020-05-27,22575,608,172,7,5286.188,142.37,40.276,1.639,,,,,,,,,4270563,232.128,33.7,2.345,1.114,65530.537,,132.235,15.84,2.7,37,,2,,,,,,,,,
LAO,Laos,2020-05-27,19,0,0,0,2.611,0,0,0,,,,,,,,,7275556,29.715,24.4,4.029,2.322,6397.36,22.7,368.111,4,7.3,51.2,49.839,1.5,,,,,,,,,
LBN,Lebanon,2020-05-27,1140,21,26,0,167.022,3.077,3.809,0,,,,,,,,,6825442,594.561,31.1,8.514,5.43,13367.565,,266.591,12.71,26.9,40.7,,2.9,,,,,,,,,
LBR,Liberia,2020-05-27,266,1,26,0,52.593,0.198,5.141,0,,,,,,,,,5057677,49.127,19.2,3.057,1.756,752.788,38.6,272.509,2.42,1.5,18.1,1.188,0.8,,,,,,,,,
LBY,Libya,2020-05-27,77,2,3,0,11.206,0.291,0.437,0,,,,,,,,,6871287,3.623,29,4.424,2.816,17881.509,,341.862,10.43,,,,3.7,,,,,,,,,
LCA,Saint Lucia,2020-05-27,18,0,0,0,98.024,0,0,0,,,,,,,,,183629,293.187,34.9,9.721,6.405,12951.839,,204.62,11.62,,,87.202,1.3,,,,,,,,,
LIE,Liechtenstein,2020-05-27,83,0,1,0,2176.364,0,26.221,0,,,,,,,,,38137,237.012,,,,,,,7.77,,,,2.397,,,,,,,,,
LKA,Sri Lanka,2020-05-27,1319,137,10,0,61.597,6.398,0.467,0,,,,,,,,,21413250,341.955,34.1,10.069,5.331,11669.077,0.7,197.093,10.68,0.3,27,,3.6,,,,,,,,,
LSO,Lesotho,2020-05-27,2,0,0,0,0.934,0,0,0,,,,,,,,,2142252,73.562,22.2,4.506,2.647,2851.153,59.6,405.126,3.94,0.4,53.9,2.117,,,,,,,,,,
LTU,Lithuania,2020-05-27,1639,4,65,2,602.066,1.469,23.877,0.735,281232,6174,103.307,2.268,5093,1.871,samples tested,71.3,2722291,45.135,43.5,19.002,13.778,29524.265,0.7,342.989,3.67,21.3,38,,6.56,,,,,,,,,
LUX,Luxembourg,2020-05-27,3995,2,110,0,6382.034,3.195,175.726,0,70148,1319,112.062,2.107,876,1.399,people tested,,625976,231.447,39.7,14.312,9.842,94277.965,0.2,128.275,4.42,20.9,26,,4.51,,,,,,,,,
LVA,Latvia,2020-05-27,1053,4,22,0,558.265,2.121,11.664,0,103553,1955,54.9,1.036,1543,0.818,tests performed,,1886202,31.212,43.9,19.754,14.136,25063.846,0.7,350.06,4.91,25.6,51,,5.57,,,,,,,,,
MAR,Morocco,2020-05-27,7577,45,202,2,205.28,1.219,5.473,0.054,,,,,,,,93.52,36910558,80.08,29.6,6.769,4.209,7485.013,1,419.146,7.14,0.8,47.1,,1.1,,,,,,,,,
MCO,Monaco,2020-05-27,98,0,5,0,2497.197,0,127.408,0,,,,,,,,,39244,19347.5,,,,,,,5.46,,,,13.8,,,,,,,,,
MDA,Moldova,2020-05-27,7305,158,267,6,1810.874,39.167,66.188,1.487,,,,,,,,80.56,4033963,123.655,37.6,10.864,6.955,5189.972,0.2,408.502,5.72,5.9,44.6,86.979,5.8,,,,,,,,,
MDG,Madagascar,2020-05-27,586,44,2,0,21.162,1.589,0.072,0,,,,,,,,,27691019,43.951,19.6,2.929,1.686,1416.44,77.6,405.994,3.94,,,50.54,0.2,,,,,,,,,
MDV,Maldives,2020-05-27,1438,43,5,1,2660.293,79.55,9.25,1.85,,,,,,,,,540542,1454.433,30.6,4.12,2.875,15183.616,,164.905,9.19,2.1,55,95.803,,,,,,,,,,
MEX,Mexico,2020-05-27,74560,3455,8134,501,578.286,26.797,63.087,3.886,,,,,,,,,128932753,66.444,29.3,6.857,4.321,17336.469,2.5,152.783,13.06,6.9,21.4,87.847,1.38,,,,,,,,,
MKD,Macedonia,2020-05-27,2015,16,116,3,967.178,7.68,55.679,1.44,,,,,,,,,2083380,82.6,39.1,13.26,8.16,13111.214,5,322.688,10.08,,,,4.28,,,,,,,,,
MLI,Mali,2020-05-27,1077,18,70,3,53.183,0.889,3.457,0.148,,,,,,,,,20250834,15.196,16.4,2.519,1.486,2014.306,,268.024,2.42,1.6,23,52.232,0.1,,,,,,,,,
MLT,Malta,2020-05-27,611,0,6,0,1383.796,0,13.589,0,,,,,,,,,441539,1454.037,42.4,19.426,11.324,36513.323,0.2,168.711,8.83,20.9,30.2,,4.485,,,,,,,,,
MMR,Myanmar,2020-05-27,206,3,6,0,3.786,0.055,0.11,0,21593,1271,0.397,0.023,720,0.013,samples tested,,54409794,81.721,29.1,5.732,3.12,5591.597,6.4,202.104,4.61,6.3,35.2,79.287,0.9,,,,,,,,,
MNE,Montenegro,2020-05-27,324,0,9,0,515.873,0,14.33,0,,,,,,,,,628062,46.28,39.1,14.762,9.395,16409.288,1,387.305,10.08,44,47.9,,3.861,,,,,,,,,
MNG,Mongolia,2020-05-27,148,7,0,0,45.145,2.135,0,0,,,,,,,,,3278292,1.98,28.6,4.031,2.421,11840.846,0.5,460.043,4.82,5.5,46.5,71.18,7,,,,,,,,,
MNP,Northern Mariana Islands,2020-05-27,22,0,2,0,382.23,0,34.748,0,,,,,,,,,57557,119.878,,,,,,194.994,,,,,,,,,,,,,,
MOZ,Mozambique,2020-05-27,213,4,1,0,6.815,0.128,0.032,0,,,,,,,,,31255435,37.728,17.7,3.158,1.87,1136.103,62.9,329.942,3.3,5.1,29.1,12.227,0.7,,,,,,,,,
MRT,Mauritania,2020-05-27,262,25,9,3,56.348,5.377,1.936,0.645,,,,,,,,,4649660,4.289,20.3,3.138,1.792,3597.633,6,232.347,2.42,,,15.95,,,,,,,,,,
MSR,Montserrat,2020-05-27,11,0,1,0,2200.44,0,200.04,0,,,,,,,,,4999,,,,,,,,,,,,,,,,,,,,,
MUS,Mauritius,2020-05-27,334,0,10,0,262.627,0,7.863,0,,,,,,,,,1271767,622.962,37.4,10.945,5.884,20292.745,0.5,224.644,22.02,3.2,40.7,,3.4,,,,,,,,,
MWI,Malawi,2020-05-27,101,0,4,0,5.28,0,0.209,0,,,,,,,,,19129955,197.519,18.1,2.979,1.783,1095.042,71.4,227.349,3.94,4.4,24.7,8.704,1.3,,,,,,,,,
MYS,Malaysia,2020-05-27,7604,187,115,0,234.938,5.778,3.553,0,,,,,,,,,32365998,96.254,29.9,6.293,3.407,26808.164,0.1,260.942,16.74,1,42.4,,1.9,,,,,,,,,
NAM,Namibia,2020-05-27,21,0,0,0,8.265,0,0,0,,,,,,,,,2540916,3.078,22,3.552,2.085,9541.808,13.4,243.811,3.94,9.7,34.2,44.6,,,,,,,,,,
NCL,New Caledonia,2020-05-27,18,0,0,0,63.049,0,0,0,,,,,,,,,285491,15.342,33.4,9.954,6.489,,,,23.36,,,,,,,,,,,,,
NER,Niger,2020-05-27,952,1,63,1,39.328,0.041,2.603,0.041,,,,,,,,,24206636,16.955,15.1,2.553,1.378,926,44.5,238.339,2.42,0.1,15.4,8.978,0.3,,,,,,,,,
NGA,Nigeria,2020-05-27,8344,276,249,16,40.477,1.339,1.208,0.078,48544,1741,0.235,0.008,1473,0.007,samples tested,,206139587,209.588,18.1,2.751,1.447,5338.454,,181.013,2.42,0.6,10.8,41.949,,,,,,,,,,
NIC,Nicaragua,2020-05-27,759,480,35,18,114.574,72.458,5.283,2.717,,,,,,,,,6624554,51.667,27.3,5.445,3.519,5321.444,3.2,137.016,11.47,,,,0.9,,,,,,,,,
NLD,Netherlands,2020-05-27,45578,133,5856,26,2659.956,7.762,341.759,1.517,,,,,,,,,17134873,508.544,43.2,18.779,11.881,48472.545,,109.361,5.29,24.4,27.3,,3.32,,,,,,,,,
NOR,Norway,2020-05-27,8364,12,235,0,1542.82,2.214,43.348,0,239864,,44.245,,2403,0.443,people tested,,5421242,14.462,39.7,16.821,10.813,64800.057,0.2,114.316,5.31,19.6,20.7,,3.6,,,,,,,,,
NPL,Nepal,2020-05-27,772,90,4,0,26.496,3.089,0.137,0,,,,,,,,,29136808,204.43,25,5.809,3.212,2442.804,15,260.797,7.26,9.5,37.8,47.782,0.3,,,,,,,,,
NZL,New Zealand,2020-05-27,1154,0,21,0,239.308,0,4.355,0,,,,,,,,,4822233,18.206,37.9,15.322,9.72,36085.843,,128.797,8.08,14.8,17.2,,2.61,,,,,,,,,
OMN,Oman,2020-05-27,8118,348,37,0,1589.701,68.147,7.245,0,,,,,,,,,5106622,14.98,30.7,2.355,1.53,37960.709,,266.342,12.61,0.5,15.6,97.4,1.6,,,,,,,,,
PAK,Pakistan,2020-05-27,59151,1446,1225,28,267.782,6.546,5.546,0.127,499399,8491,2.261,0.038,12164,0.055,tests performed,,220892331,255.573,23.5,4.495,2.78,5034.708,4,423.031,8.35,2.8,36.7,59.607,0.6,,,,,,,,,
PAN,Panama,2020-05-27,11447,264,313,3,2652.982,61.185,72.542,0.695,,,,,,,,,4314768,55.133,29.7,7.918,5.03,22267.037,2.2,128.346,8.33,2.4,9.9,,2.3,,,,,,,,,
PER,Peru,2020-05-27,129751,5772,3788,159,3935.206,175.058,114.886,4.822,127454,2563,3.866,0.078,2710,0.082,units unclear,,32971846,25.129,29.1,7.151,4.455,12236.706,3.5,85.755,5.95,4.8,,,1.6,,,,,,,,,
PHL,Philippines,2020-05-27,14669,350,886,13,133.864,3.194,8.085,0.119,,,,,,,,,109581085,351.873,25.2,4.803,2.661,7599.188,,370.437,7.07,7.8,40.8,78.463,1,,,,,,,,,
PNG,Papua New Guinea,2020-05-27,8,0,0,0,0.894,0,0,0,,,,,,,,,8947027,18.22,22.6,3.808,2.142,3823.194,,561.494,17.65,23.5,48.8,,,,,,,,,,,
POL,Poland,2020-05-27,22074,443,1024,17,583.249,11.705,27.057,0.449,824774,23021,21.793,0.608,21416,0.566,samples tested,,37846605,124.027,41.8,16.763,10.202,27216.445,,227.331,5.91,23.3,33.1,,6.62,,,,,,,,,
PRI,Puerto Rico,2020-05-27,3324,64,129,0,1161.897,22.371,45.092,0,,,,,,,,,2860840,376.232,38.2,15.168,9.829,35044.67,,108.094,12.9,,,,,,,,,,,,,
PRT,Portugal,2020-05-27,31007,219,1342,12,3040.884,21.478,131.611,1.177,,,,,,,,,10196707,112.371,46.2,21.502,14.924,27936.896,0.5,127.842,9.85,16.3,30,,3.39,,,,,,,,,
PRY,Paraguay,2020-05-27,877,12,11,0,122.958,1.682,1.542,0,26760,591,3.752,0.083,745,0.104,samples tested,,7132530,17.144,26.5,6.378,3.833,8827.01,1.7,199.128,8.27,5,21.6,79.602,1.3,,,,,,,,,
PSE,Palestine,2020-05-27,605,3,5,0,118.595,0.588,0.98,0,,,,,,,,,5101416,778.202,20.4,3.043,1.726,4449.898,1,265.91,10.59,,,,,,,,,,,,,
PYF,French Polynesia,2020-05-27,60,0,0,0,213.596,0,0,0,,,,,,,,,280904,77.324,32.7,7.775,4.593,,,,22.63,,,,,,,,,,,,,
QAT,Qatar,2020-05-27,47207,1742,28,2,16385.289,604.639,9.719,0.694,201180,4769,69.828,1.655,4392,1.524,people tested,,2881060,227.322,31.9,1.307,0.617,116935.6,,176.69,16.52,0.8,26.9,,1.2,,,,,,,,,
ROU,Romania,2020-05-27,18429,146,1210,13,957.964,7.589,62.897,0.676,,,,,,,,,19237682,85.129,43,17.85,11.69,23313.199,5.7,370.946,9.74,22.9,37.1,,6.892,,,,,,,,,
RUS,Russia,2020-05-27,362342,8915,3807,174,2482.909,61.089,26.087,1.192,9415992,255402,64.522,1.75,262566,1.799,tests performed,,145934460,8.823,39.6,14.178,9.393,24765.954,0.1,431.297,6.18,23.4,58.3,,8.05,,,,,,,,,
RWA,Rwanda,2020-05-27,339,3,0,0,26.173,0.232,0,0,,,,,,,,,12952209,494.869,20.3,2.974,1.642,1854.211,56,191.375,4.28,4.7,21,4.617,,,,,,,,,,
SAU,Saudi Arabia,2020-05-27,76726,1931,411,12,2203.892,55.466,11.806,0.345,754268,15525,21.666,0.446,14730,0.423,units unclear,,34813867,15.322,31.9,3.295,1.845,49045.411,,259.538,17.72,1.8,25.4,,2.7,,,,,,,,,
SDN,Sudan,2020-05-27,3976,150,170,5,90.674,3.421,3.877,0.114,,,,,,,,,43849269,23.258,19.7,3.548,2.034,4466.507,,431.388,15.67,,,23.437,0.8,,,,,,,,,
SEN,Senegal,2020-05-27,3161,31,37,1,188.785,1.851,2.21,0.06,38318,961,2.288,0.057,977,0.058,tests performed,,16743930,82.328,18.7,3.008,1.796,2470.58,38,241.219,2.42,0.4,16.6,20.859,,,,,,,,,,
SGP,Singapore,2020-05-27,32343,383,23,0,5528.394,65.466,3.931,0,,,,,,,,,5850343,7915.731,42.4,12.922,7.049,85535.383,,92.243,10.99,5.2,28.3,,2.4,,,,,,,,,
SLE,Sierra Leone,2020-05-27,754,19,44,2,94.522,2.382,5.516,0.251,,,,,,,,73.15,7976985,104.7,19.1,2.538,1.285,1390.3,52.2,325.721,2.42,8.8,41.3,19.275,,,,,,,,,,
SLV,El Salvador,2020-05-27,2042,59,36,0,314.822,9.096,5.55,0,,,,,,,,,6486201,307.811,27.6,8.273,5.417,7292.458,2.2,167.295,8.87,2.5,18.8,90.65,1.3,,,,,,,,,
SMR,San Marino,2020-05-27,666,0,42,0,19624.02,0,1237.551,0,,,,,,,,,33938,556.667,,,,56861.47,,,5.64,,,,3.8,,,,,,,,,
SOM,Somalia,2020-05-27,1711,22,67,1,107.656,1.384,4.216,0.063,,,,,,,,,15893219,23.5,16.8,2.731,1.496,,,365.769,6.05,,,9.831,0.9,,,,,,,,,
SRB,Serbia,2020-05-27,11227,34,239,0,1649.914,4.997,35.123,0,,,,,,,,,6804596,80.291,41.2,17.366,,14048.881,,439.415,10.08,37.7,40.2,97.719,5.609,,,,,,,,,
SSD,South Sudan,2020-05-27,806,151,8,0,72.005,13.49,0.715,0,,,,,,,,,11193729,,19.2,3.441,2.032,1569.888,,280.775,10.43,,,,,,,,,,,,,
STP,Sao Tome and Principe,2020-05-27,441,142,12,1,2012.219,647.925,54.754,4.563,,,,,,,,,219161,212.841,18.7,2.886,2.162,3052.714,32.3,270.113,2.42,,,41.34,2.9,,,,,,,,,
SUR,Suriname,2020-05-27,11,0,1,0,18.751,0,1.705,0,,,,,,,,,586634,3.612,29.6,6.933,4.229,13767.119,,258.314,12.54,7.4,42.9,67.779,3.1,,,,,,,,,
SVK,Slovakia,2020-05-27,1513,2,28,0,277.124,0.366,5.129,0,163362,2839,29.922,0.52,2074,0.38,tests performed,,5459643,113.128,41.2,15.07,9.167,30155.152,0.7,287.959,7.29,23.1,37.7,,5.82,,,,,,,,,
SVN,Slovenia,2020-05-27,1469,0,106,0,706.613,0,50.988,0,,,,,,,,,2078932,102.619,44.5,19.062,12.93,31400.84,,153.493,7.25,20.1,25,,4.5,,,,,,,,,
SWE,Sweden,2020-05-27,34440,597,4125,96,3410.147,59.113,408.445,9.506,,,,,,,,,10099270,24.718,41,19.985,13.433,46949.283,0.5,133.982,4.79,18.8,18.9,,2.22,,,,,,,,,
SWZ,Swaziland,2020-05-27,261,5,2,0,224.968,4.31,1.724,0,,,,,,,,,1160164,79.492,21.5,3.163,1.845,7738.975,,333.436,3.94,1.7,16.5,24.097,2.1,,,,,,,,,
SXM,Sint Maarten (Dutch part),2020-05-27,77,0,15,0,1795.625,0,349.797,0,,,,,,,,,42882,1209.088,,,,36327.232,,,,,,,,,,,,,,,,
SYC,Seychelles,2020-05-27,11,0,0,0,111.857,0,0,0,,,,,,,,,98340,208.354,36.2,8.606,5.586,26382.287,1.1,242.648,10.55,7.1,35.7,,3.6,,,,,,,,,
SYR,Syria,2020-05-27,121,15,4,0,6.914,0.857,0.229,0,,,,,,,,71.3,17500657,,21.7,,2.577,,,376.264,,,,70.598,1.5,,,,,,,,,
TCA,Turks and Caicos Islands,2020-05-27,12,0,1,0,309.933,0,25.828,0,,,,,,,,,38718,37.312,,,,,,,,,,,,,,,,,,,,
TCD,Chad,2020-05-27,700,13,62,1,42.616,0.791,3.775,0.061,,,,,,,,,16425859,11.833,16.7,2.486,1.446,1768.153,38.4,280.995,6.1,,,5.818,,,,,,,,,,
TGO,Togo,2020-05-27,391,5,13,0,47.229,0.604,1.57,0,,,,,,,,,8278737,143.366,19.4,2.839,1.525,1429.813,49.2,280.033,6.15,0.9,14.2,10.475,0.7,,,,,,,,,
THA,Thailand,2020-05-27,3045,3,57,0,43.625,0.043,0.817,0,,,,,,,,,69799978,135.132,40.1,11.373,6.89,16277.671,0.1,109.861,7.04,1.9,38.8,90.67,2.1,,,,,,,,,
TJK,Tajikistan,2020-05-27,3100,0,46,0,325.028,0,4.823,0,,,,,,,,,9537642,64.281,23.3,3.466,2.155,2896.913,4.8,427.698,7.11,,,72.704,4.8,,,,,,,,,
TLS,Timor,2020-05-27,24,0,0,0,18.203,0,0,0,,,,,,,,59.26,1318442,87.176,18,3.556,1.897,6570.102,30.3,335.346,6.86,6.3,78.1,28.178,5.9,,,,,,,,,
TTO,Trinidad and Tobago,2020-05-27,116,0,8,0,82.887,0,5.716,0,,,,,,,,,1399491,266.886,36.2,10.014,5.819,28763.071,,228.467,10.97,,,89.443,3,,,,,,,,,
TUN,Tunisia,2020-05-27,1051,0,48,0,88.927,0,4.061,0,,,,,,,,,11818618,74.228,32.7,8.001,5.075,10849.297,2,318.991,8.52,1.1,65.8,78.687,2.3,,,,,,,,,
TUR,Turkey,2020-05-27,158762,948,4397,28,1882.425,11.24,52.135,0.332,1894650,21043,22.465,0.25,28328,0.336,tests performed,,84339067,104.914,31.6,8.153,5.061,25129.341,0.2,171.285,12.13,14.1,41.1,,2.81,,,,,,,,,
TWN,Taiwan,2020-05-27,441,0,7,0,18.516,0,0.294,0,,,,,,,,,23816775,,42.2,,8.353,,,103.957,,,,,,,,,,,,,,
TZA,Tanzania,2020-05-27,509,0,21,0,8.521,0,0.352,0,,,,,,,,,59734213,64.699,17.7,3.108,1.874,2683.304,49.1,217.288,5.75,3.3,26.7,47.953,0.7,,,,,,,,,
UGA,Uganda,2020-05-27,253,31,0,0,5.531,0.678,0,0,,,,,,,,,45741000,213.759,16.4,2.168,1.308,1697.707,41.6,213.333,2.5,3.4,16.7,21.222,0.5,,,,,,,,,
UKR,Ukraine,2020-05-27,21584,339,644,21,493.532,7.751,14.725,0.48,312532,10796,7.146,0.247,9143,0.209,units unclear,,43733759,77.39,41.4,16.462,11.133,7894.393,0.1,539.849,7.11,13.5,47.4,,8.8,,,,,,,,,
URY,Uruguay,2020-05-27,789,2,22,0,227.134,0.576,6.333,0,39469,774,11.362,0.223,668,0.192,tests performed,,3473727,19.751,35.6,14.655,10.361,20551.409,0.1,160.708,6.93,14,19.9,,2.8,,,,,,,,,
USA,United States,2020-05-27,1681212,18910,98916,696,5079.15,57.129,298.837,2.103,,,,,,,,,331002647,35.608,38.3,15.413,9.732,54225.446,1.2,151.089,10.79,19.1,24.6,,2.77,,,,,,,,,
UZB,Uzbekistan,2020-05-27,3333,72,14,1,99.584,2.151,0.418,0.03,,,,,,,,,33469199,76.134,28.2,4.469,2.873,6253.104,,724.417,7.57,1.3,24.7,,4,,,,,,,,,
VAT,Vatican,2020-05-27,12,0,0,0,14833.127,0,0,0,,,,,,,,,809,,,,,,,,,,,,,,,,,,,,,
VCT,Saint Vincent and the Grenadines,2020-05-27,18,0,0,0,162.24,0,0,0,,,,,,,,,110947,281.787,31.8,7.724,4.832,10727.146,,252.675,11.62,,,,2.6,,,,,,,,,
VEN,Venezuela,2020-05-27,1211,34,11,1,42.587,1.196,0.387,0.035,,,,,,,,,28435943,36.253,29,6.614,3.915,16745.022,,204.85,6.47,,,,0.8,,,,,,,,,
VGB,British Virgin Islands,2020-05-27,8,0,1,0,264.577,0,33.072,0,,,,,,,,,30237,207.973,,,,,,,13.67,,,,,,,,,,,,,
VIR,United States Virgin Islands,2020-05-27,69,0,6,0,660.774,0,57.459,0,,,,,,,,,104423,306.48,42.2,18.601,10.799,,,273.67,12.26,,,,,,,,,,,,,
VNM,Vietnam,2020-05-27,327,1,0,0,3.359,0.01,0,0,,,,,,,,,97338583,308.127,32.6,7.15,4.718,6171.884,2,245.465,6,1,45.9,85.847,2.6,,,,,,,,,
XKX,Kosovo,2020-05-27,1038,0,30,0,537.052,0,15.522,0,,,,,,,,,1932774,,,,,,,,,,,,,,,,,,,,,
YEM,Yemen,2020-05-27,249,12,49,4,8.348,0.402,1.643,0.134,,,,,,,,,29825968,53.508,20.3,2.922,1.583,1479.147,18.8,495.003,5.35,7.6,29.2,49.542,0.7,,,,,,,,,
ZAF,South Africa,2020-05-27,24264,649,524,43,409.114,10.943,8.835,0.725,,,,,,,,,59308690,46.754,27.3,5.344,3.053,12294.876,18.9,200.38,5.52,8.1,33.2,43.993,2.32,,,,,,,,,
ZMB,Zambia,2020-05-27,920,0,7,0,50.044,0,0.381,0,,,,,,,,,18383956,22.995,17.7,2.48,1.542,3689.251,57.5,234.499,3.94,3.1,24.7,13.938,2,,,,,,,,,
ZWE,Zimbabwe,2020-05-27,56,0,4,0,3.768,0,0.269,0,,,,,,,,,14862927,42.729,19.6,2.822,1.882,1899.775,21.4,307.846,1.82,1.6,30.7,36.791,1.7,,,,,,,,,
